{
  "PreFerS|MSP [$/kg]": 8.647381093759032,
  "PreFerS|TCI [10^6 $]": 36.57416331683881,
  "PreFerS|AOC [10^6 $/yr]": 4.21744755148248,
  "PreFerS|GWP [kg CO2-eq/kg]": 2.780039001734356,
  "Composition|Salt content [wt%]": 0.004648478340246163,
  "Composition|Residual CD [wt%]": 0.4420015712594594,
  "Composition|Residual nicotinamide [wt%]": 0.014766798274958567,
  "Composition|Intermediate hem dx [wt%]": 0.39320377594635403,
  "Composition|N-Hemo dextrin [wt%]": 7.48178857401588,
  "Composition|Heme equivalent [wt%]": 0.2835524501641711
}