{
  "PreFerS|MSP [$/kg]": 8.85360788453948,
  "PreFerS|TCI [10^6 $]": 36.89650717808169,
  "PreFerS|AOC [10^6 $/yr]": 4.415465186655364,
  "PreFerS|GWP [kg CO2-eq/kg]": 3.368716249121028,
  "Composition|Salt content [wt%]": 0.000513021969247268,
  "Composition|Residual CD [wt%]": 0.42670534074208477,
  "Composition|Residual nicotinamide [wt%]": 0.014540009700835275,
  "Composition|Intermediate hem dx [wt%]": 0.39286111752473446,
  "Composition|N-Hemo dextrin [wt%]": 7.475268550505199,
  "Composition|Heme equivalent [wt%]": 0.2833053476667813
}