{
  "PreFerS|MSP [$/kg]": 12.072995267094186,
  "PreFerS|TCI [10^6 $]": 44.27773580461727,
  "PreFerS|AOC [10^6 $/yr]": 5.580420228167432,
  "PreFerS|GWP [kg CO2-eq/kg]": 16.59287710412303
}