{
  "PreFerS|MSP [$/kg]": 14.749823177129953,
  "PreFerS|TCI [10^6 $]": 59.29381119445595,
  "PreFerS|AOC [10^6 $/yr]": 7.738604171079999,
  "PreFerS|GWP [kg CO2-eq/kg]": 8.46173370101935,
  "Composition|Fat content [wt%]": 0.33935319547202075,
  "Composition|Carbohydrates [wt%]": 3.0100439761584585,
  "Composition|Product content [wt%]": 7.425742574257427,
  "Composition|Total solids [wt%]": 13.684007845372717,
  "Composition|Protein purity [%]": 73.95482072224918,
  "Composition|Heme equivalent [wt%]": 0.27060971221384467
}