{
  "PreFerS|MSP [$/kg]": 11.526118942475641,
  "PreFerS|TCI [10^6 $]": 46.87146016714689,
  "PreFerS|AOC [10^6 $/yr]": 5.950289544196751,
  "PreFerS|GWP [kg CO2-eq/kg]": 16.720894278872898,
  "Composition|Fat content [wt%]": 0.2336171964883765,
  "Composition|Carbohydrates [wt%]": 2.0721873539162083,
  "Composition|Product content [wt%]": 7.425742574257425,
  "Composition|Total solids [wt%]": 11.87457263942157,
  "Composition|Protein purity [%]": 79.54414641810115,
  "Composition|Heme equivalent [wt%]": 0.27060971221384467
}