{
  "PreFerS|MSP [$/kg]": 6.1852052872347585,
  "PreFerS|TCI [10^6 $]": 37.99293034272917,
  "PreFerS|AOC [10^6 $/yr]": 7.223217210393852,
  "PreFerS|GWP [kg CO2-eq/kg]": 15.960339235552706,
  "PreFerS|Leghemoglobin content [%]": 7.425742574257425,
  "PreFerS|Protein purity [%]": 82.5088861881624,
  "PreFerS|Actual production [kg/hr]": 275.00000000000006,
  "PreFerS|Annual production [MT/yr]": 2197.8000000000006,
  "PreFerS|Specific CAPEX [$/kg/yr]": 17.28680059274236
}