{
  "PreFerS|MSP [$/kg]": 8.85360788453948,
  "PreFerS|TCI [10^6 $]": 36.89650717808167,
  "PreFerS|AOC [10^6 $/yr]": 4.415465186655363,
  "PreFerS|GWP [kg CO2-eq/kg]": 9.536218118838256,
  "Composition|Salt content [wt%]": 0.0005130219692472677,
  "Composition|Residual CD [wt%]": 0.42670534074208505,
  "Composition|Residual nicotinamide [wt%]": 0.014540009700835283,
  "Composition|Intermediate hem dx [wt%]": 0.39286111752473474,
  "Composition|N-Hemo dextrin [wt%]": 7.475268550505199,
  "Composition|Heme equivalent [wt%]": 0.2833053476667813
}