{
  "PreFerS|MSP [$/kg]": 11.396228023404147,
  "PreFerS|TCI [10^6 $]": 46.82325010984241,
  "PreFerS|AOC [10^6 $/yr]": 5.801961689527875,
  "PreFerS|GWP [kg CO2-eq/kg]": 10.930534777079043,
  "PreFerS|Leghemoglobin content [%]": 7.425742574257427,
  "PreFerS|Protein purity [%]": 78.49146204862772,
  "PreFerS|Actual production [kg/hr]": 149.99999999999994,
  "PreFerS|Annual production [MT/yr]": 1198.7999999999995,
  "PreFerS|Specific CAPEX [$/kg/yr]": 39.058433525060416
}