{
  "PreFerS|MSP [$/kg]": 11.814838102716342,
  "PreFerS|TCI [10^6 $]": 47.91416126001411,
  "PreFerS|AOC [10^6 $/yr]": 6.122128220930841,
  "PreFerS|GWP [kg CO2-eq/kg]": 17.201830497678888,
  "Composition|Fat content [wt%]": 0.24251777549304374,
  "Composition|Carbohydrates [wt%]": 2.151074599066334,
  "Composition|Product content [wt%]": 7.425742574257425,
  "Composition|Total solids [wt%]": 12.04029852510331,
  "Composition|Protein purity [%]": 78.92848067456674,
  "Composition|Heme equivalent [wt%]": 0.2706097122138447
}