{
  "PreFerS|MSP [$/kg]": 11.81367522098382,
  "PreFerS|TCI [10^6 $]": 47.95862345468076,
  "PreFerS|AOC [10^6 $/yr]": 6.1133202981614,
  "PreFerS|GWP [kg CO2-eq/kg]": 17.207685627308944,
  "Composition|Fat content [wt%]": 0.2434537100247294,
  "Composition|Carbohydrates [wt%]": 2.1594373477653144,
  "Composition|Product content [wt%]": 7.425742574257427,
  "Composition|Total solids [wt%]": 12.057722962123602,
  "Composition|Protein purity [%]": 78.86488388441981,
  "Composition|Heme equivalent [wt%]": 0.2706097122138448
}