{
  "PreFerS|MSP [$/kg]": 8.647381093759016,
  "PreFerS|TCI [10^6 $]": 36.574163316838785,
  "PreFerS|AOC [10^6 $/yr]": 4.217447551482475,
  "PreFerS|GWP [kg CO2-eq/kg]": 8.076077093543004,
  "Composition|Salt content [wt%]": 0.004648478340246162,
  "Composition|Residual CD [wt%]": 0.4420015712594605,
  "Composition|Residual nicotinamide [wt%]": 0.014766798274958552,
  "Composition|Intermediate hem dx [wt%]": 0.39320377594635364,
  "Composition|N-Hemo dextrin [wt%]": 7.4817885740158765,
  "Composition|Heme equivalent [wt%]": 0.2835524501641709
}