{
  "PreFerS|MSP [$/kg]": 10.860405141323197,
  "PreFerS|TCI [10^6 $]": 44.274661622591935,
  "PreFerS|AOC [10^6 $/yr]": 5.585977888645096,
  "PreFerS|GWP [kg CO2-eq/kg]": 14.923482521240024,
  "PreFerS|Leghemoglobin content [%]": 7.425742574257427,
  "PreFerS|Protein purity [%]": 80.77470686669987,
  "PreFerS|Actual production [kg/hr]": 149.99999999999994,
  "PreFerS|Annual production [MT/yr]": 1198.7999999999995,
  "PreFerS|Specific CAPEX [$/kg/yr]": 36.93248383599595
}