{
  "PreFerS|MSP [$/kg]": 17.061562557695645,
  "PreFerS|TCI [10^6 $]": 74.0702043796894,
  "PreFerS|AOC [10^6 $/yr]": 8.036340680220691,
  "PreFerS|GWP [kg CO2-eq/kg]": 21.14519661019458,
  "PreFerS|N-Hemo dextrin content [%]": 7.446526104874349,
  "PreFerS|Heme equivalent content [%]": 0.28221603716278726,
  "PreFerS|Actual production [kg/hr]": 150.00326397515659,
  "PreFerS|Annual production [MT/yr]": 1198.8260856894515,
  "PreFerS|Specific CAPEX [$/kg/yr]": 61.78561282897945
}