{
  "PreFerS|MSP [$/kg]": 8.760332579205828,
  "PreFerS|TCI [10^6 $]": 50.52239814064197,
  "PreFerS|AOC [10^6 $/yr]": 10.789524791524913,
  "PreFerS|GWP [kg CO2-eq/kg]": 32.69159978554605,
  "PreFerS|Leghemoglobin content [%]": 7.425742574257425,
  "PreFerS|Protein purity [%]": 82.53872621763566,
  "PreFerS|Actual production [kg/hr]": 274.99999999999994,
  "PreFerS|Annual production [MT/yr]": 2197.7999999999997,
  "PreFerS|Specific CAPEX [$/kg/yr]": 22.987714141706242
}