{
  "PreFerS|MSP [$/kg]": 7.281976035660827,
  "PreFerS|TCI [10^6 $]": 28.015943185381698,
  "PreFerS|AOC [10^6 $/yr]": 4.006114601646887,
  "PreFerS|GWP [kg CO2-eq/kg]": 8.611766329067104,
  "Composition|Salt content [wt%]": 0.004256814224502166,
  "Composition|Residual CD [wt%]": 0.4254708567646258,
  "Composition|Residual nicotinamide [wt%]": 0.014529715130014555,
  "Composition|Intermediate hem dx [wt%]": 0.3932071956980467,
  "Composition|N-Hemo dextrin [wt%]": 7.481853644243349,
  "Composition|Heme equivalent [wt%]": 0.283554916261983
}