{
  "PreFerS|MSP [$/kg]": 8.75941588201932,
  "PreFerS|TCI [10^6 $]": 50.82233726672146,
  "PreFerS|AOC [10^6 $/yr]": 10.721220278319787,
  "PreFerS|GWP [kg CO2-eq/kg]": 32.6581389915296,
  "PreFerS|Leghemoglobin content [%]": 7.425742574257425,
  "PreFerS|Protein purity [%]": 82.53872621763566,
  "PreFerS|Actual production [kg/hr]": 274.99999999999994,
  "PreFerS|Annual production [MT/yr]": 2197.7999999999997,
  "PreFerS|Specific CAPEX [$/kg/yr]": 23.12418658054485
}