{
  "PreFerS|MSP [$/kg]": 11.526118942475643,
  "PreFerS|TCI [10^6 $]": 46.87146016714687,
  "PreFerS|AOC [10^6 $/yr]": 5.950289544196746,
  "PreFerS|GWP [kg CO2-eq/kg]": 16.72089427887287,
  "Composition|Fat content [wt%]": 0.23361719648837664,
  "Composition|Carbohydrates [wt%]": 2.0721873539162097,
  "Composition|Product content [wt%]": 7.425742574257424,
  "Composition|Total solids [wt%]": 11.874572639421576,
  "Composition|Protein purity [%]": 79.54414641810114,
  "Composition|Heme equivalent [wt%]": 0.27060971221384467
}