{
  "PreFerS|MSP [$/kg]": 7.689230511950699,
  "PreFerS|TCI [10^6 $]": 26.679267327533953,
  "PreFerS|AOC [10^6 $/yr]": 4.736023129328174,
  "PreFerS|GWP [kg CO2-eq/kg]": 14.03988630852562,
  "PreFerS|Leghemoglobin content [%]": 7.425742574257427,
  "PreFerS|Protein purity [%]": 80.08152601410494,
  "PreFerS|Actual production [kg/hr]": 149.99999999999994,
  "PreFerS|Annual production [MT/yr]": 1198.7999999999995,
  "PreFerS|Specific CAPEX [$/kg/yr]": 22.254977750695666
}